https://www.networksolutions.com,! #1 Host Australia,
https://maff.com,! #1 Host Israel,
https://www.plisk.com,$$$ Private Label Internet Service Kiosk,
https://www.007names.com,007Names,
https://www.0101domain.com/,0101 Internet,
https://registrar.1and1.info,1&1 Internet SE,
https://101domain.com,101domain GRS Limited,
https://www.cdmon.com,10dencehispahard,
https://www.123domainrenewals.com,123domainrenewals,
https://www.1800-website.com,1800-website,
https://www.1api.net,1API GmbH,
https://www.1st-for-domain-names.com,1st-for-domain-names,
https://www.22.cn,22net,
https://www.24x7domains.com,24x7domains,
https://www.domraider.com,4X,
https://www.995discountdomains.com,995discountdomains,
ERROR,https://www.aahwed.wed,Aahwed
https://www.nameisp.com,AB Name ISP,
https://www.riktad.com,AB RIKTAD,
https://www.abansys.com,Abansys & Hostytec,
https://www.aboss.com,ABoss Technology Limited,
https://www.above.com,Above.com Pty Ltd.,
https://www.abrahamlincoln-888.com,Abraham Lincoln,
https://www.agip.com,Abu-Ghazaleh Intellectual Property dba TAGIdomains.com,
https://www.domain.cam,AC Webconnecting N.V.,
https://www.NameBright.com,AccentDomains LLC,
https://www.acens.com,Acens Technologies,
https://www.achilles-888.com,Achilles 888,
https://www.addresscreation.com,Address Creation,
https://www.addressontheweb.com,Addressontheweb,
https://www.ait.com,Advanced Internet Technologies,
https://www.aerotek.com.tr,Aerotek Bilisim Sanayi ve Ticaret AS,
https://dnsimple.com,Aetrion LLC dba DNSimple,
https://www.proxy.net.za,AF Proxy Services Ltd,
https://www.afriregister.com,AFRIREGISTER S.A.,
ERROR,https://register.paimi.com ,Agrinoon Inc
https://www.akamai.com,Akamai Technologies,
https://www.alantron.com,Alantron Inc.,
https://www.alexanderthegreat-888.com,Alexander the Great,
https://www.alfena.com,Alfena,
https://wanwang.aliyun.com,Alibaba Cloud Computing Ltd. d/b/a HiChina (www.net.cn),
https://www.alibabacloud.com,ALIBABA.COM SINGAPORE E-COMMERCE PRIVATE LIMITED,
https://www.alichina.com,Alibrother Technology Limited,
https://alices-registry.com,Alice's Registry,
https://www.allaccessdomains.com,Allaccessdomains,
https://www.alldomains.com,Alldomains,
ERROR,https://www.allglobalnames.com,AllGlobalNames
https://www.alpinedomains.com,Alpine Domains Inc.,
https://www.alpnames.com,Alpnames Limited,
https://registrar.amazon.com,Amazon Registrar,
https://www.annam-888.com,Annam,
https://www.annulet.com,Annulet LLC,
https://www.anytimesites.com,Anytime Sites,
https://www.apollo-888.com,Apollo 888,
ERROR,https://www.maprilis.com.vn,April Sea Information Technology Company Limited
https://www.heberjahiz.com,Arcanes Technologies,
https://www.arcticnames.com,Arctic Names,
https://www.ares-888.com,Ares 888,
https://www.aristotle-888.com,Aristotle 888,
https://www.nicline.com,Arsys Internet,
https://www.arthurpendragon-888.com,Arthur Pendragon,
https://www.aruba.it,Aruba SpA,
https://www.ascio.com,Ascio Technologies,
https://www.asiaregister.com,AsiaRegister,
https://www.astutium.com,Astutium Limited,
https://www.atakteknoloji.com,Atak Domain Hosting Internet ve Bilgi Teknolojileri Limited Sirketi d/b/a Atak Teknoloji,
https://www.ati.tn,ATI,
https://www.attilathehun-888.com,Attila the Hun,
https://www.austriadomains.com,Austriadomains,
https://www.austriandomains.com,Austriandomains,
https://www.authenticweb.com,Authentic Web Inc.,
https://www.wordpress.com,Automattic Inc.,
https://www.azdomainz.com,Azdomainz,
https://www.azprivatez.com,Azprivatez,
https://www.backslapdomains.com,Backslap Domains,
https://www.barbero.co.uk,Barbero & Associates Limited,
https://www.batdomains.com,BatDomains.com Ltd.,
https://www.nominate.com,BB-Online UK Limited,
https://www.prodomaines.com,BDL Systemes SAS dba ProDomaines,
https://dudns.baidu.com,Beijing Baidu Netcom Science Technology Co.,
https://www.brandma.cn,Beijing Brandma International Networking Technology Ltd.,
ERROR,https://www.guoxuwang.cn,Beijing Guoxu Network Technology Co.
https://www.huaruidns.com,Beijing HuaRui Wireless Technology Co.,
https://www.dns.com.cn,Beijing Innovative Linkage Technology Ltd. dba dns.com.cn,
https://www.kh86.cn,Beijing Lanhai Jiye Technology Co.,
https://www.netcn.net,Beijing Midwest Taian Technology Services Ltd.,
https://www.12114.org.cn,Beijing RITT - Net Technology Development Co.,
https://www.sfn.cn,Beijing Sanfront Information Technology Co.,
https://www.wangzun.com,Beijing Wangzun Technology Co.,
https://www.zhongwannet.cn,Beijing ZhongWan Network Technology Co Ltd,
https://www.zhuoyue.wang,Beijing Zhuoyue Shengming Technologies Company Ltd.,
https://www.thinkpro.cn,Beijing Zihai Technology Co.,
https://www.benjaminfranklin-888.com,Benjamin Franklin 888,
https://www.bidfordomainnames.com,Bidfordomainnames,
https://www.bigdomainshop.com,Big Domain Shop,
https://www.bigrock.com,BigRock Solutions Ltd,
https://binero.se,Binero AB,
https://www.bizcn.com,Bizcn.com,
https://www.blacknight.com,Blacknight Internet Solutions Ltd.,
https://www.bluefractal.com,Blue Fractal,
https://www.lhnic.com,Blue Hi Interconnect (Beijing) Technology Limited Company,
https://www.bluerazor.com,Blue Razor Domains,
https://www.bomboraregistrar.com,Bombora Technologies Pty Ltd,
https://Boterosolutions.com,BoteroSolutions.com S.A.,
https://www.umbrellar.nz,Bottle Domains,
https://namegear.co,BR domain Inc. dba namegear.co,
https://www.brandma.com,Brandma.co Limited,
https://www.namejuice.com,BRANDON GRAY INTERNET SERVICES INC. (dba ,
https://brandsight.com/,Brandsight,
https://www.webhosting24.us,Brennercom Limited,
https://www.buzinessware.com,Buzinessware FZCO,
https://www.corsearch.com,C T CORPORATION SYSTEM DBA Corsearch,
https://www.internetdomainnameregistrar.org,camPoint AG,
https://www.CapitalDomains.org,Capitaldomains,
https://webhero.com,Catalog.com,
https://www.ccireg.com,CCI REG S.A.,
https://www.ukrnames.com,Center of Ukrainian Internet Names (UKRNAMES),
https://www.charlemagne-888.com,Charlemagne 888,
https://www.cheap-domains-registration.com,Cheap Domains Pte Ltd.,
https://www.51web.com,Chengdu Century Oriental Network Communication Co.,
https://www.sudu.cn,Chengdu Fly-Digital Technology Co.,
https://www.west.cn,Chengdu West Dimension Digital Technology Co.,
https://www.ChinaNet.cc,ChinaNet Technology (SuZhou) CO.,
https://www.chinesedomain.cn,Chinesedomains,
https://www.chocolatecovereddomains.com,Chocolatecovereddomains,
https://www.claimeddomains.com,Claimeddomains,
https://publicdomainregistry.com,Click Registrar,
https://www.cloudflare.com,CloudFlare,
https://www.ordertld.com,CNOBIN INFORMATION TECHNOLOGY LIMITED,
https://www.cocosislandsdomains.cc,Cocosislandsdomains,
https://www.web.com,Columbiadomains,
https://www.commerceisland.com,Commerce Island,
https://www.galcomm.com,CommuniGal Communication Ltd.,
https://www.coolocean.com,Cool Ocean,
https://corehub.net,COREhub,
https://www.cscglobal.com/digitalbrandservices,Corporation Service Company (DBS),
https://www.cosmotown.com,Cosmotown,
https://www.cps-datensysteme.de,CPS-Datensysteme GmbH,
https://www.crazydomains.com,Crazy Domains FZ-LLC,
https://www.crispnames.com,Crisp Names,
https://www.cronon.net,Cronon AG,
https://www.crystalcoal.com,Crystal Coal,
https://www.cscglobal.com/global/web/csc/digital-brand-services.html,CSC Corporate Domains,
https://www.joker.com,CSL Computer Service Langenbach GmbH d/b/a joker.com,
https://www.curiousnet.com,Curious Net,
https://www.resellercamp.com,CV. Jogjacamp,
https://www.rumahweb.com,CV. Rumahweb Indonesia,
ERROR,https://www.cyandomains.com,CyanDomains
https://www.cyrusthegreat-888.com,Cyrus the Great,
https://www.dainippon.co.jp,Dai Nippon Joho System Co.,
https://www.dainam-888.com,Dainam,
https://www.dandomain.dk,DanDomain A/S,
https://www.danesconames.com,Danesco Trading Ltd.,
https://www.dattatec.com,Dattatec.com SRL,
https://www.DecentDomains.net,Decentdomains,
https://www.aplus.net,Deluxe Small Business Sales,
https://www.demys.com,Demys Limited,
https://www.department-of-domains.com,Department-of-domains,
https://www.desertdevil.com,Desert Devil,
https://www.deutchdomains.de,Deutchdomains,
https://www.registrar.telekom.de,Deutsche Telekom AG,
https://www.diggitydot.com,Diggitydot,
https://www.digitalcandy.com,Digital Candy,
https://www.maxinames.com,Digivity B.V.,
https://www.dinahosting.com,Dinahosting s.l.,
https://www.discountdomainservices.com,Discountdomainservices,
https://www.directnic.com,DNC Holdings,
https://dns.business,DNS Africa Ltd,
https://www.dns-net.de,DNS:NET Internet Service GmbH,
https://www.dnspod.cn,DNSPod,
https://www.domainband.com,Domain Band,
https://www.domainguardians.com,Domain Guardians,
https://www.domainjamboreellc.com,Domain Jamboree,
https://www.domainmantra.com,Domain Mantra,
https://www.domainoriental.com,DOMAIN ORIENTAL LIMITED,
https://www.domainpro.com,Domain Pro,
https://www.dotEarth.com,Domain Registration Services,
https://www.domainr.com,Domain Research,
https://www.DomainTheNet.com,Domain The Net Technologies Ltd.,
ERROR,https://www.domaintrain.com,DOMAIN TRAIN
https://www.domainvault.kiwi,Domain Vault Limited,
https://www.Domain-A-Go-Go.com,Domain-A-Go-Go,
https://www.domainit.com,Domain-It!,
https://www.domain.com,Domain.com,
https://www.domainadministration.com,DomainAdministration.com,
https://www.domainallies.com,DomainAllies.com,
https://www.domainbulkregistration.com,Domainbulkregistration,
https://www.domainbusinessnames.com,Domainbusinessnames,
https://www.domaincamping.com,Domaincamping,
https://domainclip.com,Domainclip Domains,
https://www.domainclub.com,Domainclub.com,
https://www.domaincontext.com,DomainContext,
https://www.personalnames.com,Domainducks,
https://www.domainhostingweb.us,Domainhostingweb,
https://www.domainia.com,Domainia Inc.,
https://www.domaininternetname.com,Domaininternetname,
ERROR,https://www.domainnameblvd.com,DOMAINNAME BLVD
ERROR,https://www.domainnamebridge.com,DomainName Bridge
ERROR,https://www.domainnamedriveway.com,DomainName Driveway
ERROR,https://www.domainnamefwy.com,DOMAINNAME FWY
ERROR,https://domains.trafficmedia.com,DomainName Highway LLC
ERROR,https://www.domainnameparkway.com,DomainName Parkway
ERROR,https://www.domainnamepath.com,DomainName Path
https://www.DomainName.com,DomainName,
https://www.domainnamebidder.com,Domainnamebidder,
https://www.domainnamelookup.us,Domainnamelookup,
https://www.domainoo.com,DOMAINOO SAS,
https://www.domainpeople.com,DomainPeople,
https://www.DomainRegistry.com,DomainRegistry.com Inc.,
https://www.domains.coop,Domains.coop Limited,
https://www.domainshype.com,Domainshype.com,
https://domainsite.com,DomainSite,
https://www.domainsnap.com,DomainSnap,
https://www.domdrill.com,Domdrill.com,
https://www.domainnameshop.com,Domeneshop AS dba domainnameshop.com,
https://www.domerati.com,Domerati,
https://www.libris.com,DomReg Ltd. d/b/a LIBRIS.COM,
https://www.domus-llc.com,Domus Enterprises LLC dba DOMUS,
https://www.dotology.com,Dot Holding Inc.,
https://www.dotalliance.com,DotAlliance Inc.,
https://www.dotarai.co.th,DotArai Co.,
https://www.dotmedia.com,DotMedia Limited,
https://www.dotroll.com,DotRoll Kft.,
https://dotserve.website/,DOTSERVE INC.,
https://www.douglasmacarthur-888.com,Douglas MacArthur,
https://www.DreamHost.com,DreamHost,
https://www.DropCatch1046.com,DropCatch.com 1046 LLC,
https://www.DropCatch1047.com,DropCatch.com 1047 LLC,
https://www.DropCatch1048.com,DropCatch.com 1048 LLC,
https://www.DropCatch1049.com,DropCatch.com 1049 LLC,
https://www.DropCatch1050.com,DropCatch.com 1050 LLC,
https://www.DropCatch1051.com,DropCatch.com 1051 LLC,
https://www.DropCatch1052.com,DropCatch.com 1052 LLC,
https://www.DropCatch1053.com,DropCatch.com 1053 LLC,
https://www.DropCatch1054.com,DropCatch.com 1054 LLC,
https://www.DropCatch1055.com,DropCatch.com 1055 LLC,
https://www.DropCatch1056.com,DropCatch.com 1056 LLC,
https://www.DropCatch1057.com,DropCatch.com 1057 LLC,
https://www.DropCatch1058.com,DropCatch.com 1058 LLC,
https://www.DropCatch1059.com,DropCatch.com 1059 LLC,
https://www.DropCatch1060.com,DropCatch.com 1060 LLC,
https://www.DropCatch1061.com,DropCatch.com 1061 LLC,
https://www.DropCatch1062.com,DropCatch.com 1062 LLC,
https://www.DropCatch1063.com,DropCatch.com 1063 LLC,
https://www.DropCatch1064.com,DropCatch.com 1064 LLC,
https://www.DropCatch1065.com,DropCatch.com 1065 LLC,
https://www.DropCatch1066.com,DropCatch.com 1066 LLC,
https://www.DropCatch1067.com,DropCatch.com 1067 LLC,
https://www.DropCatch1068.com,DropCatch.com 1068 LLC,
https://www.DropCatch1069.com,DropCatch.com 1069 LLC,
https://www.DropCatch1070.com,DropCatch.com 1070 LLC,
https://www.DropCatch1071.com,DropCatch.com 1071 LLC,
https://www.DropCatch1072.com,DropCatch.com 1072 LLC,
https://www.DropCatch1073.com,DropCatch.com 1073 LLC,
https://www.DropCatch1074.com,DropCatch.com 1074 LLC,
https://www.DropCatch1075.com,DropCatch.com 1075 LLC,
https://www.DropCatch1076.com,DropCatch.com 1076 LLC,
https://www.DropCatch1077.com,DropCatch.com 1077 LLC,
https://www.DropCatch1078.com,DropCatch.com 1078 LLC,
https://www.DropCatch1079.com,DropCatch.com 1079 LLC,
https://www.DropCatch1080.com,DropCatch.com 1080 LLC,
https://www.DropCatch1081.com,DropCatch.com 1081 LLC,
https://www.DropCatch1082.com,DropCatch.com 1082 LLC,
https://www.DropCatch1083.com,DropCatch.com 1083 LLC,
https://www.DropCatch1084.com,DropCatch.com 1084 LLC,
https://www.DropCatch1085.com,DropCatch.com 1085 LLC,
https://www.DropCatch1086.com,DropCatch.com 1086 LLC,
https://www.DropCatch1087.com,DropCatch.com 1087 LLC,
https://www.DropCatch1088.com,DropCatch.com 1088 LLC,
https://www.DropCatch1089.com,DropCatch.com 1089 LLC,
https://www.DropCatch1090.com,DropCatch.com 1090 LLC,
https://www.DropCatch1091.com,DropCatch.com 1091 LLC,
https://www.DropCatch1092.com,DropCatch.com 1092 LLC,
https://www.DropCatch1093.com,DropCatch.com 1093 LLC,
https://www.DropCatch1094.com,DropCatch.com 1094 LLC,
https://www.DropCatch1095.com,DropCatch.com 1095 LLC,
https://www.DropCatch1096.com,DropCatch.com 1096 LLC,
https://www.DropCatch1097.com,DropCatch.com 1097 LLC,
https://www.DropCatch1098.com,DropCatch.com 1098 LLC,
https://www.DropCatch1099.com,DropCatch.com 1099 LLC,
https://www.DropCatch1100.com,DropCatch.com 1100 LLC,
https://www.DropCatch1101.com,DropCatch.com 1101 LLC,
https://www.DropCatch1102.com,DropCatch.com 1102 LLC,
https://www.DropCatch1103.com,DropCatch.com 1103 LLC,
https://www.DropCatch1104.com,DropCatch.com 1104 LLC,
https://www.DropCatch1105.com,DropCatch.com 1105 LLC,
https://www.DropCatch1106.com,DropCatch.com 1106 LLC,
https://www.DropCatch1107.com,DropCatch.com 1107 LLC,
https://www.DropCatch1108.com,DropCatch.com 1108 LLC,
https://www.DropCatch1109.com,DropCatch.com 1109 LLC,
https://www.DropCatch1110.com,DropCatch.com 1110 LLC,
https://www.DropCatch1111.com,DropCatch.com 1111 LLC,
https://www.DropCatch1112.com,DropCatch.com 1112 LLC,
https://www.DropCatch1113.com,DropCatch.com 1113 LLC,
https://www.DropCatch1114.com,DropCatch.com 1114 LLC,
https://www.DropCatch1115.com,DropCatch.com 1115 LLC,
https://www.DropCatch1116.com,DropCatch.com 1116 LLC,
https://www.DropCatch1117.com,DropCatch.com 1117 LLC,
https://www.DropCatch1118.com,DropCatch.com 1118 LLC,
https://www.DropCatch1119.com,DropCatch.com 1119 LLC,
https://www.DropCatch1120.com,DropCatch.com 1120 LLC,
https://www.DropCatch1121.com,DropCatch.com 1121 LLC,
https://www.DropCatch1122.com,DropCatch.com 1122 LLC,
https://www.DropCatch1123.com,DropCatch.com 1123 LLC,
https://www.DropCatch1124.com,DropCatch.com 1124 LLC,
https://www.DropCatch1125.com,DropCatch.com 1125 LLC,
https://www.DropCatch1126.com,DropCatch.com 1126 LLC,
https://www.DropCatch1127.com,DropCatch.com 1127 LLC,
https://www.DropCatch1128.com,DropCatch.com 1128 LLC,
https://www.DropCatch1129.com,DropCatch.com 1129 LLC,
https://www.DropCatch1130.com,DropCatch.com 1130 LLC,
https://www.DropCatch1131.com,DropCatch.com 1131 LLC,
https://www.DropCatch1132.com,DropCatch.com 1132 LLC,
https://www.DropCatch1133.com,DropCatch.com 1133 LLC,
https://www.DropCatch1134.com,DropCatch.com 1134 LLC,
https://www.DropCatch1135.com,DropCatch.com 1135 LLC,
https://www.DropCatch1136.com,DropCatch.com 1136 LLC,
https://www.DropCatch1137.com,DropCatch.com 1137 LLC,
https://www.DropCatch1138.com,DropCatch.com 1138 LLC,
https://www.DropCatch1139.com,DropCatch.com 1139 LLC,
https://www.DropCatch1140.com,DropCatch.com 1140 LLC,
https://www.DropCatch1141.com,DropCatch.com 1141 LLC,
https://www.DropCatch1142.com,DropCatch.com 1142 LLC,
https://www.DropCatch1143.com,DropCatch.com 1143 LLC,
https://www.DropCatch1144.com,DropCatch.com 1144 LLC,
https://www.DropCatch1145.com,DropCatch.com 1145 LLC,
https://www.DropCatch1146.com,DropCatch.com 1146 LLC,
https://www.DropCatch1147.com,DropCatch.com 1147 LLC,
https://www.DropCatch1148.com,DropCatch.com 1148 LLC,
https://www.DropCatch1149.com,DropCatch.com 1149 LLC,
https://www.DropCatch1150.com,DropCatch.com 1150 LLC,
https://www.DropCatch1151.com,DropCatch.com 1151 LLC,
https://www.DropCatch1152.com,DropCatch.com 1152 LLC,
https://www.DropCatch1153.com,DropCatch.com 1153 LLC,
https://www.DropCatch1154.com,DropCatch.com 1154 LLC,
https://www.DropCatch1155.com,DropCatch.com 1155 LLC,
https://www.DropCatch1156.com,DropCatch.com 1156 LLC,
https://www.DropCatch1157.com,DropCatch.com 1157 LLC,
https://www.DropCatch1158.com,DropCatch.com 1158 LLC,
https://www.DropCatch1159.com,DropCatch.com 1159 LLC,
https://www.DropCatch1160.com,DropCatch.com 1160 LLC,
https://www.DropCatch1161.com,DropCatch.com 1161 LLC,
https://www.DropCatch1162.com,DropCatch.com 1162 LLC,
https://www.DropCatch1163.com,DropCatch.com 1163 LLC,
https://www.DropCatch1164.com,DropCatch.com 1164 LLC,
https://www.DropCatch1165.com,DropCatch.com 1165 LLC,
https://www.DropCatch1166.com,DropCatch.com 1166 LLC,
https://www.DropCatch1167.com,DropCatch.com 1167 LLC,
https://www.DropCatch1168.com,DropCatch.com 1168 LLC,
https://www.DropCatch1169.com,DropCatch.com 1169 LLC,
https://www.DropCatch1170.com,DropCatch.com 1170 LLC,
https://www.DropCatch1171.com,DropCatch.com 1171 LLC,
https://www.DropCatch1172.com,DropCatch.com 1172 LLC,
https://www.DropCatch1173.com,DropCatch.com 1173 LLC,
https://www.DropCatch1174.com,DropCatch.com 1174 LLC,
https://www.DropCatch1175.com,DropCatch.com 1175 LLC,
https://www.DropCatch1176.com,DropCatch.com 1176 LLC,
https://www.DropCatch1177.com,DropCatch.com 1177 LLC,
https://www.DropCatch1178.com,DropCatch.com 1178 LLC,
https://www.DropCatch1179.com,DropCatch.com 1179 LLC,
https://www.DropCatch1180.com,DropCatch.com 1180 LLC,
https://www.DropCatch1181.com,DropCatch.com 1181 LLC,
https://www.DropCatch1182.com,DropCatch.com 1182 LLC,
https://www.DropCatch1183.com,DropCatch.com 1183 LLC,
https://www.DropCatch1184.com,DropCatch.com 1184 LLC,
https://www.DropCatch1185.com,DropCatch.com 1185 LLC,
https://www.DropCatch1186.com,DropCatch.com 1186 LLC,
https://www.DropCatch1187.com,DropCatch.com 1187 LLC,
https://www.DropCatch1188.com,DropCatch.com 1188 LLC,
https://www.DropCatch1189.com,DropCatch.com 1189 LLC,
https://www.DropCatch1190.com,DropCatch.com 1190 LLC,
https://www.DropCatch1191.com,DropCatch.com 1191 LLC,
https://www.DropCatch1192.com,DropCatch.com 1192 LLC,
https://www.DropCatch1193.com,DropCatch.com 1193 LLC,
https://www.DropCatch1194.com,DropCatch.com 1194 LLC,
https://www.DropCatch1195.com,DropCatch.com 1195 LLC,
https://www.DropCatch1196.com,DropCatch.com 1196 LLC,
https://www.DropCatch1197.com,DropCatch.com 1197 LLC,
https://www.DropCatch1198.com,DropCatch.com 1198 LLC,
https://www.DropCatch1199.com,DropCatch.com 1199 LLC,
https://www.DropCatch1200.com,DropCatch.com 1200 LLC,
https://www.DropCatch1201.com,DropCatch.com 1201 LLC,
https://www.DropCatch1202.com,DropCatch.com 1202 LLC,
https://www.DropCatch1203.com,DropCatch.com 1203 LLC,
https://www.DropCatch1204.com,DropCatch.com 1204 LLC,
https://www.DropCatch1205.com,DropCatch.com 1205 LLC,
https://www.DropCatch1206.com,DropCatch.com 1206 LLC,
https://www.DropCatch1207.com,DropCatch.com 1207 LLC,
https://www.DropCatch1208.com,DropCatch.com 1208 LLC,
https://www.DropCatch1209.com,DropCatch.com 1209 LLC,
https://www.DropCatch1210.com,DropCatch.com 1210 LLC,
https://www.DropCatch1211.com,DropCatch.com 1211 LLC,
https://www.DropCatch1212.com,DropCatch.com 1212 LLC,
https://www.DropCatch1213.com,DropCatch.com 1213 LLC,
https://www.DropCatch1214.com,DropCatch.com 1214 LLC,
https://www.DropCatch1215.com,DropCatch.com 1215 LLC,
https://www.DropCatch1216.com,DropCatch.com 1216 LLC,
https://www.DropCatch1217.com,DropCatch.com 1217 LLC,
https://www.DropCatch1218.com,DropCatch.com 1218 LLC,
https://www.DropCatch1219.com,DropCatch.com 1219 LLC,
https://www.DropCatch1220.com,DropCatch.com 1220 LLC,
https://www.DropCatch1221.com,DropCatch.com 1221 LLC,
https://www.DropCatch1222.com,DropCatch.com 1222 LLC,
https://www.DropCatch1223.com,DropCatch.com 1223 LLC,
https://www.DropCatch1224.com,DropCatch.com 1224 LLC,
https://www.DropCatch1225.com,DropCatch.com 1225 LLC,
https://www.DropCatch1226.com,DropCatch.com 1226 LLC,
https://www.DropCatch1227.com,DropCatch.com 1227 LLC,
https://www.DropCatch1228.com,DropCatch.com 1228 LLC,
https://www.DropCatch1229.com,DropCatch.com 1229 LLC,
https://www.DropCatch1230.com,DropCatch.com 1230 LLC,
https://www.DropCatch1231.com,DropCatch.com 1231 LLC,
https://www.DropCatch1232.com,DropCatch.com 1232 LLC,
https://www.DropCatch1233.com,DropCatch.com 1233 LLC,
https://www.DropCatch1234.com,DropCatch.com 1234 LLC,
https://www.DropCatch1235.com,DropCatch.com 1235 LLC,
https://www.DropCatch1236.com,DropCatch.com 1236 LLC,
https://www.DropCatch1237.com,DropCatch.com 1237 LLC,
https://www.DropCatch1238.com,DropCatch.com 1238 LLC,
https://www.DropCatch1239.com,DropCatch.com 1239 LLC,
https://www.DropCatch1240.com,DropCatch.com 1240 LLC,
https://www.DropCatch1241.com,DropCatch.com 1241 LLC,
https://www.DropCatch1242.com,DropCatch.com 1242 LLC,
https://www.DropCatch1243.com,DropCatch.com 1243 LLC,
https://www.DropCatch1244.com,DropCatch.com 1244 LLC,
https://www.DropCatch1245.com,DropCatch.com 1245 LLC,
https://www.DropCatch1246.com,DropCatch.com 1246 LLC,
https://www.DropCatch1247.com,DropCatch.com 1247 LLC,
https://www.DropCatch1248.com,DropCatch.com 1248 LLC,
https://www.DropCatch1249.com,DropCatch.com 1249 LLC,
https://www.DropCatch1250.com,DropCatch.com 1250 LLC,
https://www.DropCatch1251.com,DropCatch.com 1251 LLC,
https://www.DropCatch1252.com,DropCatch.com 1252 LLC,
https://www.DropCatch1253.com,DropCatch.com 1253 LLC,
https://www.DropCatch1254.com,DropCatch.com 1254 LLC,
https://www.DropCatch1255.com,DropCatch.com 1255 LLC,
https://www.DropCatch1256.com,DropCatch.com 1256 LLC,
https://www.DropCatch1257.com,DropCatch.com 1257 LLC,
https://www.DropCatch1258.com,DropCatch.com 1258 LLC,
https://www.DropCatch1259.com,DropCatch.com 1259 LLC,
https://www.DropCatch1260.com,DropCatch.com 1260 LLC,
https://www.DropCatch1261.com,DropCatch.com 1261 LLC,
https://www.DropCatch1262.com,DropCatch.com 1262 LLC,
https://www.DropCatch1263.com,DropCatch.com 1263 LLC,
https://www.DropCatch1264.com,DropCatch.com 1264 LLC,
https://www.DropCatch1265.com,DropCatch.com 1265 LLC,
https://www.DropCatch1266.com,DropCatch.com 1266 LLC,
https://www.DropCatch1267.com,DropCatch.com 1267 LLC,
https://www.DropCatch1268.com,DropCatch.com 1268 LLC,
https://www.DropCatch1269.com,DropCatch.com 1269 LLC,
https://www.DropCatch1270.com,DropCatch.com 1270 LLC,
https://www.DropCatch1271.com,DropCatch.com 1271 LLC,
https://www.DropCatch1272.com,DropCatch.com 1272 LLC,
https://www.DropCatch1273.com,DropCatch.com 1273 LLC,
https://www.DropCatch1274.com,DropCatch.com 1274 LLC,
https://www.DropCatch1275.com,DropCatch.com 1275 LLC,
https://www.DropCatch1276.com,DropCatch.com 1276 LLC,
https://www.DropCatch1277.com,DropCatch.com 1277 LLC,
https://www.DropCatch1278.com,DropCatch.com 1278 LLC,
https://www.DropCatch1279.com,DropCatch.com 1279 LLC,
https://www.DropCatch1280.com,DropCatch.com 1280 LLC,
https://www.DropCatch1281.com,DropCatch.com 1281 LLC,
https://www.DropCatch1282.com,DropCatch.com 1282 LLC,
https://www.DropCatch1283.com,DropCatch.com 1283 LLC,
https://www.DropCatch1284.com,DropCatch.com 1284 LLC,
https://www.DropCatch1285.com,DropCatch.com 1285 LLC,
https://www.DropCatch1286.com,DropCatch.com 1286 LLC,
https://www.DropCatch1287.com,DropCatch.com 1287 LLC,
https://www.DropCatch1288.com,DropCatch.com 1288 LLC,
https://www.DropCatch1289.com,DropCatch.com 1289 LLC,
https://www.DropCatch1290.com,DropCatch.com 1290 LLC,
https://www.DropCatch1291.com,DropCatch.com 1291 LLC,
https://www.DropCatch1292.com,DropCatch.com 1292 LLC,
https://www.DropCatch1293.com,DropCatch.com 1293 LLC,
https://www.DropCatch1294.com,DropCatch.com 1294 LLC,
https://www.DropCatch1295.com,DropCatch.com 1295 LLC,
https://www.DropCatch1296.com,DropCatch.com 1296 LLC,
https://www.DropCatch1297.com,DropCatch.com 1297 LLC,
https://www.DropCatch1298.com,DropCatch.com 1298 LLC,
https://www.DropCatch1299.com,DropCatch.com 1299 LLC,
https://www.DropCatch1300.com,DropCatch.com 1300 LLC,
https://www.DropCatch1301.com,DropCatch.com 1301 LLC,
https://www.DropCatch1302.com,DropCatch.com 1302 LLC,
https://www.DropCatch1303.com,DropCatch.com 1303 LLC,
https://www.DropCatch1304.com,DropCatch.com 1304 LLC,
https://www.DropCatch1305.com,DropCatch.com 1305 LLC,
https://www.DropCatch1306.com,DropCatch.com 1306 LLC,
https://www.DropCatch1307.com,DropCatch.com 1307 LLC,
https://www.DropCatch1308.com,DropCatch.com 1308 LLC,
https://www.DropCatch1309.com,DropCatch.com 1309 LLC,
https://www.DropCatch1310.com,DropCatch.com 1310 LLC,
https://www.DropCatch1311.com,DropCatch.com 1311 LLC,
https://www.DropCatch1312.com,DropCatch.com 1312 LLC,
https://www.DropCatch1313.com,DropCatch.com 1313 LLC,
https://www.DropCatch1314.com,DropCatch.com 1314 LLC,
https://www.DropCatch1315.com,DropCatch.com 1315 LLC,
https://www.DropCatch1316.com,DropCatch.com 1316 LLC,
https://www.DropCatch1317.com,DropCatch.com 1317 LLC,
https://www.DropCatch1318.com,DropCatch.com 1318 LLC,
https://www.DropCatch1319.com,DropCatch.com 1319 LLC,
https://www.DropCatch1320.com,DropCatch.com 1320 LLC,
https://www.DropCatch1321.com,DropCatch.com 1321 LLC,
https://www.DropCatch1322.com,DropCatch.com 1322 LLC,
https://www.DropCatch1323.com,DropCatch.com 1323 LLC,
https://www.DropCatch1324.com,DropCatch.com 1324 LLC,
https://www.DropCatch1325.com,DropCatch.com 1325 LLC,
https://www.DropCatch1326.com,DropCatch.com 1326 LLC,
https://www.DropCatch1327.com,DropCatch.com 1327 LLC,
https://www.DropCatch1328.com,DropCatch.com 1328 LLC,
https://www.DropCatch1329.com,DropCatch.com 1329 LLC,
https://www.DropCatch1330.com,DropCatch.com 1330 LLC,
https://www.DropCatch1331.com,DropCatch.com 1331 LLC,
https://www.DropCatch1332.com,DropCatch.com 1332 LLC,
https://www.DropCatch1333.com,DropCatch.com 1333 LLC,
https://www.DropCatch1334.com,DropCatch.com 1334 LLC,
https://www.DropCatch1335.com,DropCatch.com 1335 LLC,
https://www.DropCatch1336.com,DropCatch.com 1336 LLC,
https://www.DropCatch1337.com,DropCatch.com 1337 LLC,
https://www.DropCatch1338.com,DropCatch.com 1338 LLC,
https://www.DropCatch1339.com,DropCatch.com 1339 LLC,
https://www.DropCatch1340.com,DropCatch.com 1340 LLC,
https://www.DropCatch1341.com,DropCatch.com 1341 LLC,
https://www.DropCatch1342.com,DropCatch.com 1342 LLC,
https://www.DropCatch1343.com,DropCatch.com 1343 LLC,
https://www.DropCatch1344.com,DropCatch.com 1344 LLC,
https://www.DropCatch1345.com,DropCatch.com 1345 LLC,
https://www.DropCatch1346.com,DropCatch.com 1346 LLC,
https://www.DropCatch1347.com,DropCatch.com 1347 LLC,
https://www.DropCatch1348.com,DropCatch.com 1348 LLC,
https://www.DropCatch1349.com,DropCatch.com 1349 LLC,
https://www.DropCatch1350.com,DropCatch.com 1350 LLC,
https://www.DropCatch1351.com,DropCatch.com 1351 LLC,
https://www.DropCatch1352.com,DropCatch.com 1352 LLC,
https://www.DropCatch1353.com,DropCatch.com 1353 LLC,
https://www.DropCatch1354.com,DropCatch.com 1354 LLC,
https://www.DropCatch1355.com,DropCatch.com 1355 LLC,
https://www.DropCatch1356.com,DropCatch.com 1356 LLC,
https://www.DropCatch1357.com,DropCatch.com 1357 LLC,
https://www.DropCatch1358.com,DropCatch.com 1358 LLC,
https://www.DropCatch1359.com,DropCatch.com 1359 LLC,
https://www.DropCatch1360.com,DropCatch.com 1360 LLC,
https://www.DropCatch1361.com,DropCatch.com 1361 LLC,
https://www.DropCatch1362.com,DropCatch.com 1362 LLC,
https://www.DropCatch1363.com,DropCatch.com 1363 LLC,
https://www.DropCatch1364.com,DropCatch.com 1364 LLC,
https://www.DropCatch1365.com,DropCatch.com 1365 LLC,
https://www.DropCatch1366.com,DropCatch.com 1366 LLC,
https://www.DropCatch1367.com,DropCatch.com 1367 LLC,
https://www.DropCatch1368.com,DropCatch.com 1368 LLC,
https://www.DropCatch1369.com,DropCatch.com 1369 LLC,
https://www.DropCatch1370.com,DropCatch.com 1370 LLC,
https://www.DropCatch1371.com,DropCatch.com 1371 LLC,
https://www.DropCatch1372.com,DropCatch.com 1372 LLC,
https://www.DropCatch1373.com,DropCatch.com 1373 LLC,
https://www.DropCatch1374.com,DropCatch.com 1374 LLC,
https://www.DropCatch1375.com,DropCatch.com 1375 LLC,
https://www.DropCatch1376.com,DropCatch.com 1376 LLC,
https://www.DropCatch1377.com,DropCatch.com 1377 LLC,
https://www.DropCatch1378.com,DropCatch.com 1378 LLC,
https://www.DropCatch1379.com,DropCatch.com 1379 LLC,
https://www.DropCatch1380.com,DropCatch.com 1380 LLC,
https://www.DropCatch1381.com,DropCatch.com 1381 LLC,
https://www.DropCatch1382.com,DropCatch.com 1382 LLC,
https://www.DropCatch1383.com,DropCatch.com 1383 LLC,
https://www.DropCatch1384.com,DropCatch.com 1384 LLC,
https://www.DropCatch1385.com,DropCatch.com 1385 LLC,
https://www.DropCatch1386.com,DropCatch.com 1386 LLC,
https://www.DropCatch1387.com,DropCatch.com 1387 LLC,
https://www.DropCatch1388.com,DropCatch.com 1388 LLC,
https://www.DropCatch1389.com,DropCatch.com 1389 LLC,
https://www.DropCatch1390.com,DropCatch.com 1390 LLC,
https://www.DropCatch1391.com,DropCatch.com 1391 LLC,
https://www.DropCatch1392.com,DropCatch.com 1392 LLC,
https://www.DropCatch1393.com,DropCatch.com 1393 LLC,
https://www.DropCatch1394.com,DropCatch.com 1394 LLC,
https://www.DropCatch1395.com,DropCatch.com 1395 LLC,
https://www.DropCatch1396.com,DropCatch.com 1396 LLC,
https://www.DropCatch1397.com,DropCatch.com 1397 LLC,
https://www.DropCatch1398.com,DropCatch.com 1398 LLC,
https://www.DropCatch1399.com,DropCatch.com 1399 LLC,
https://www.DropCatch1400.com,DropCatch.com 1400 LLC,
https://www.DropCatch1401.com,DropCatch.com 1401 LLC,
https://www.DropCatch1402.com,DropCatch.com 1402 LLC,
https://www.DropCatch1403.com,DropCatch.com 1403 LLC,
https://www.DropCatch1404.com,DropCatch.com 1404 LLC,
https://www.DropCatch1405.com,DropCatch.com 1405 LLC,
https://www.DropCatch1406.com,DropCatch.com 1406 LLC,
https://www.DropCatch1407.com,DropCatch.com 1407 LLC,
https://www.DropCatch1408.com,DropCatch.com 1408 LLC,
https://www.DropCatch1409.com,DropCatch.com 1409 LLC,
https://www.DropCatch1410.com,DropCatch.com 1410 LLC,
https://www.DropCatch1411.com,DropCatch.com 1411 LLC,
https://www.DropCatch1412.com,DropCatch.com 1412 LLC,
https://www.DropCatch1413.com,DropCatch.com 1413 LLC,
https://www.DropCatch1414.com,DropCatch.com 1414 LLC,
https://www.DropCatch1415.com,DropCatch.com 1415 LLC,
https://www.DropCatch1416.com,DropCatch.com 1416 LLC,
https://www.DropCatch1417.com,DropCatch.com 1417 LLC,
https://www.DropCatch1418.com,DropCatch.com 1418 LLC,
https://www.DropCatch1419.com,DropCatch.com 1419 LLC,
https://www.DropCatch1420.com,DropCatch.com 1420 LLC,
https://www.DropCatch1421.com,DropCatch.com 1421 LLC,
https://www.DropCatch1422.com,DropCatch.com 1422 LLC,
https://www.DropCatch1423.com,DropCatch.com 1423 LLC,
https://www.DropCatch1424.com,DropCatch.com 1424 LLC,
https://www.DropCatch1425.com,DropCatch.com 1425 LLC,
https://www.DropCatch1426.com,DropCatch.com 1426 LLC,
https://www.DropCatch1427.com,DropCatch.com 1427 LLC,
https://www.DropCatch1428.com,DropCatch.com 1428 LLC,
https://www.DropCatch1429.com,DropCatch.com 1429 LLC,
https://www.DropCatch1430.com,DropCatch.com 1430 LLC,
https://www.DropCatch1431.com,DropCatch.com 1431 LLC,
https://www.DropCatch1432.com,DropCatch.com 1432 LLC,
https://www.DropCatch1433.com,DropCatch.com 1433 LLC,
https://www.DropCatch1434.com,DropCatch.com 1434 LLC,
https://www.DropCatch1435.com,DropCatch.com 1435 LLC,
https://www.DropCatch1436.com,DropCatch.com 1436 LLC,
https://www.DropCatch1437.com,DropCatch.com 1437 LLC,
https://www.DropCatch1438.com,DropCatch.com 1438 LLC,
https://www.DropCatch1439.com,DropCatch.com 1439 LLC,
https://www.DropCatch1440.com,DropCatch.com 1440 LLC,
https://www.DropCatch1441.com,DropCatch.com 1441 LLC,
https://www.DropCatch1442.com,DropCatch.com 1442 LLC,
https://www.DropCatch1443.com,DropCatch.com 1443 LLC,
https://www.DropCatch1444.com,DropCatch.com 1444 LLC,
https://www.DropCatch1445.com,DropCatch.com 1445 LLC,
https://www.DropCatch1446.com,DropCatch.com 1446 LLC,
https://www.DropCatch1447.com,DropCatch.com 1447 LLC,
https://www.DropCatch1448.com,DropCatch.com 1448 LLC,
https://www.DropCatch1449.com,DropCatch.com 1449 LLC,
https://www.DropCatch1450.com,DropCatch.com 1450 LLC,
https://www.DropCatch1451.com,DropCatch.com 1451 LLC,
https://www.DropCatch1452.com,DropCatch.com 1452 LLC,
https://www.DropCatch1453.com,DropCatch.com 1453 LLC,
https://www.DropCatch1454.com,DropCatch.com 1454 LLC,
https://www.DropCatch1455.com,DropCatch.com 1455 LLC,
https://www.DropCatch1456.com,DropCatch.com 1456 LLC,
https://www.DropCatch1457.com,DropCatch.com 1457 LLC,
https://www.DropCatch1458.com,DropCatch.com 1458 LLC,
https://www.DropCatch1459.com,DropCatch.com 1459 LLC,
https://www.DropCatch1460.com,DropCatch.com 1460 LLC,
https://www.DropCatch1461.com,DropCatch.com 1461 LLC,
https://www.DropCatch1462.com,DropCatch.com 1462 LLC,
https://www.DropCatch1463.com,DropCatch.com 1463 LLC,
https://www.DropCatch1464.com,DropCatch.com 1464 LLC,
https://www.DropCatch1465.com,DropCatch.com 1465 LLC,
https://www.DropCatch1466.com,DropCatch.com 1466 LLC,
https://www.DropCatch1467.com,DropCatch.com 1467 LLC,
https://www.DropCatch1468.com,DropCatch.com 1468 LLC,
https://www.DropCatch1469.com,DropCatch.com 1469 LLC,
https://www.DropCatch1470.com,DropCatch.com 1470 LLC,
https://www.DropCatch1471.com,DropCatch.com 1471 LLC,
https://www.DropCatch1472.com,DropCatch.com 1472 LLC,
https://www.DropCatch1473.com,DropCatch.com 1473 LLC,
https://www.DropCatch1474.com,DropCatch.com 1474 LLC,
https://www.DropCatch1475.com,DropCatch.com 1475 LLC,
https://www.DropCatch1476.com,DropCatch.com 1476 LLC,
https://www.DropCatch1477.com,DropCatch.com 1477 LLC,
https://www.DropCatch1478.com,DropCatch.com 1478 LLC,
https://www.DropCatch1479.com,DropCatch.com 1479 LLC,
https://www.DropCatch1480.com,DropCatch.com 1480 LLC,
https://www.DropCatch1481.com,DropCatch.com 1481 LLC,
https://www.DropCatch1482.com,DropCatch.com 1482 LLC,
https://www.DropCatch1483.com,DropCatch.com 1483 LLC,
https://www.DropCatch1484.com,DropCatch.com 1484 LLC,
https://www.DropCatch1485.com,DropCatch.com 1485 LLC,
https://www.DropCatch1486.com,DropCatch.com 1486 LLC,
https://www.DropCatch1487.com,DropCatch.com 1487 LLC,
https://www.DropCatch1488.com,DropCatch.com 1488 LLC,
https://www.DropCatch1489.com,DropCatch.com 1489 LLC,
https://www.DropCatch1490.com,DropCatch.com 1490 LLC,
https://www.DropCatch1491.com,DropCatch.com 1491 LLC,
https://www.DropCatch1492.com,DropCatch.com 1492 LLC,
https://www.DropCatch1493.com,DropCatch.com 1493 LLC,
https://www.DropCatch1494.com,DropCatch.com 1494 LLC,
https://www.DropCatch1495.com,DropCatch.com 1495 LLC,
https://www.DropCatch1496.com,DropCatch.com 1496 LLC,
https://www.DropCatch1497.com,DropCatch.com 1497 LLC,
https://www.DropCatch1498.com,DropCatch.com 1498 LLC,
https://www.DropCatch1499.com,DropCatch.com 1499 LLC,
https://www.DropCatch1500.com,DropCatch.com 1500 LLC,
https://www.DropCatch1501.com,DropCatch.com 1501 LLC,
https://www.DropCatch1502.com,DropCatch.com 1502 LLC,
https://www.DropCatch1503.com,DropCatch.com 1503 LLC,
https://www.DropCatch1504.com,DropCatch.com 1504 LLC,
https://www.DropCatch1505.com,DropCatch.com 1505 LLC,
https://www.DropCatch1506.com,DropCatch.com 1506 LLC,
https://www.DropCatch1507.com,DropCatch.com 1507 LLC,
https://www.DropCatch1508.com,DropCatch.com 1508 LLC,
https://www.DropCatch1509.com,DropCatch.com 1509 LLC,
https://www.DropCatch1510.com,DropCatch.com 1510 LLC,
https://www.DropCatch1511.com,DropCatch.com 1511 LLC,
https://www.DropCatch1512.com,DropCatch.com 1512 LLC,
https://www.DropCatch1513.com,DropCatch.com 1513 LLC,
https://www.DropCatch1514.com,DropCatch.com 1514 LLC,
https://www.DropCatch1515.com,DropCatch.com 1515 LLC,
https://www.DropCatch1516.com,DropCatch.com 1516 LLC,
https://www.DropCatch1517.com,DropCatch.com 1517 LLC,
https://www.DropCatch1518.com,DropCatch.com 1518 LLC,
https://www.DropCatch1519.com,DropCatch.com 1519 LLC,
https://www.DropCatch1520.com,DropCatch.com 1520 LLC,
https://www.DropCatch1521.com,DropCatch.com 1521 LLC,
https://www.DropCatch1522.com,DropCatch.com 1522 LLC,
https://www.DropCatch1523.com,DropCatch.com 1523 LLC,
https://www.DropCatch1524.com,DropCatch.com 1524 LLC,
https://www.DropCatch1525.com,DropCatch.com 1525 LLC,
https://www.DropCatch1526.com,DropCatch.com 1526 LLC,
https://www.DropCatch1527.com,DropCatch.com 1527 LLC,
https://www.DropCatch1528.com,DropCatch.com 1528 LLC,
https://www.DropCatch1529.com,DropCatch.com 1529 LLC,
https://www.DropCatch1530.com,DropCatch.com 1530 LLC,
https://www.DropCatch1531.com,DropCatch.com 1531 LLC,
https://www.DropCatch1532.com,DropCatch.com 1532 LLC,
https://www.DropCatch1533.com,DropCatch.com 1533 LLC,
https://www.DropCatch1534.com,DropCatch.com 1534 LLC,
https://www.DropCatch1535.com,DropCatch.com 1535 LLC,
https://www.DropCatch1536.com,DropCatch.com 1536 LLC,
https://www.DropCatch1537.com,DropCatch.com 1537 LLC,
https://www.DropCatch1538.com,DropCatch.com 1538 LLC,
https://www.DropCatch1539.com,DropCatch.com 1539 LLC,
https://www.DropCatch1540.com,DropCatch.com 1540 LLC,
https://www.DropCatch1541.com,DropCatch.com 1541 LLC,
https://www.DropCatch1542.com,DropCatch.com 1542 LLC,
https://www.DropCatch1543.com,DropCatch.com 1543 LLC,
https://www.DropCatch1544.com,DropCatch.com 1544 LLC,
https://www.DropCatch1545.com,DropCatch.com 1545 LLC,
https://www.dwightdeisenhower-888.com,Dwight D. Eisenhower,
https://www.dynadot.com,Dynadot,
https://www.dynadot0.com,Dynadot0 LLC,
https://www.dynadot1.com,Dynadot1 LLC,
https://www.dynadot10.com,Dynadot10 LLC,
https://www.dynadot11.com,Dynadot11 LLC,
https://www.dynadot12.com,Dynadot12 LLC,
https://www.dynadot13.com,Dynadot13 LLC,
https://www.dynadot14.com,Dynadot14 LLC,
https://www.dynadot15.com,Dynadot15 LLC,
https://www.dynadot16.com,Dynadot16 LLC,
https://www.dynadot17.com,Dynadot17 LLC,
https://www.dynadot2.com,Dynadot2 LLC,
https://www.dynadot3.com,Dynadot3 LLC,
https://www.dynadot4.com,Dynadot4 LLC,
https://www.dynadot5.com,Dynadot5 LLC,
https://www.dynadot6.com,Dynadot6 LLC,
https://www.dynadot7.com,Dynadot7 LLC,
https://www.dynadot8.com,Dynadot8 LLC,
https://www.dynadot9.com,Dynadot9 LLC,
https://www.dynanames.com,DynaNames.com Inc.,
https://www.EastNames.com,EastNames Inc.,
https://www.easydns.com,easyDNS Technologies Inc.,
https://www.easyspace.com,Easyspace Limited,
https://www.ebrandservices.com,eBrand Services S.A.,
https://www.bookmyidentity.com,Ednit Software Private Limited,
https://www.190.com,EIMS (Shenzhen) Culture & Technology Co.,
https://www.yiyu.com,EJEE Group Beijing Limited,
https://www.eachnic.com,EJEE Group Holdings Limited,
https://www.groundregistry.com,Ekados,
https://www.netissime.com,ELB Multimedia,
https://www.nic.ae,Emirates Telecommunications Corporation - Etisalat,
https://www.eNameCo.com,Enameco,
https://www.encirca.com,EnCirca,
https://www.enetica.com.au,Enetica Pty Ltd,
https://www.enom.com,eNom,
https://www.enset.ngo,Enset,
https://www.entorno.es,Entorno Digital,
https://www.epag.de,EPAG Domainservices GmbH,
https://www.epik.com,Epik Inc.,
https://www.eranet.com,Eranet International Limited,
https://www.yuminghome.com,EU Technology (HK) Limited,
https://www.EuroDNS.com,EuroDNS S.A.,
https://www.everreadynames.com,Ever Ready Names,
https://www.softlayer.com,Everyones Internet,
https://www.experinom.com,Experinom Inc.,
https://www.extendnames.com,Extend Names,
https://www.extremelywild.com,Extremely Wild,
https://www.dotfans.com,Fan Domains Ltd.,
https://www.fastdomain.com,FastDomain Inc.,
https://www.isimtescil.net,FBS Inc.,
https://www.fiducia.lv,Fiducia LLC,
https://www.findgooddomains.com,Find Good Domains,
https://domains.netclues.com,First Alliance Group Ltd T/A Netclues Inc,
https://do-reg.jp/,Firstserver,
ERROR,https://www.flappydomain.com,FLAPPY DOMAIN
https://www.72e.net,Foshan YiDong Network Co.,
https://www.freeparking.co.uk,Freeparking Domain Registrars,
https://www.Domaine.fr,French Connexion SARL dba Domaine.fr,
ERROR,https://www.fujiandomains.com,Fujian Domains
https://www.ltisp.com,Fujian Litian Network Technology Co.,
https://www.DomainProcessor.com,Funpeas Media Ventures,
https://www.zxnic.cn,Fuzhou Zhongxu Network Technology Co.,
https://www.gabia.com,Gabia,
https://www.gamefornames.com,Game For Names,
https://www.gandi.net,Gandi SAS,
https://www.genghiskhan-888.com,Genghis Khan,
https://www.genious.net,Genious Communications SARL/AU,
https://www.georgespatton-888.com,George S. Patton,
https://www.georgewashington-888.com,George Washington 888,
https://domains.gesloten.cw,Gesloten Domain N.V.,
https://www.ghana.com,Ghana Dot Com Ltd.,
https://www.gkg.net,GKG.NET,
https://www.gdntcl.com,Global Domain Name Trading Center Ltd,
https://www.domaincostclub.com,Global Domains International,
https://www.global-village.de,Global Village GmbH,
https://brightsconsulting.com,GMO Brights Consulting Inc.,
https://www.onamae.com/,GMO Internet,
https://z.com/sg/,GMO-Z.com Pte. Ltd.,
https://www.goaustraliadomains.com,Go Australia Domains,
https://www.gocanadadomains.com,Go Canada Domains,
https://www.gochinadomains.com,Go China Domains,
https://www.gofrancedomains.com,Go France Domains,
https://www.gofullhouse.com,Go Full House,
https://www.gomontenegrodomains.com,Go Montenegro Domains,
https://www.godaddy.com,GoDaddy.com,
https://www.goname-fl.com,GoName-FL.com,
https://www.goname-hi-inc.com,GoName-HI.com,
https://www.goname-tn.com,GoName-TN.com,
https://www.goname-tx-inc.com,GoName-TX.com,
https://www.goname-wa.com,GoName-WA.com,
https://www.gooddomainregistry.com,Good Domain Registry Pvt Ltd.,
https://domains.google,Google LLC,
https://subreg.cz,Gransy,
https://www.huyi.cn,Guangdong HUYI Internet & IP Services Co.,
https://www.gzidc.com,Guangdong JinWanBang Technology Investment Co.,
https://www.iisp.com,GuangDong NaiSiNiKe Information Technology Co Ltd.,
ERROR,https://www.guangzhoudomains.com,Guangzhou Domains
https://www.hupo.com,Guangzhou Ming Yang Information Technology Co.,
ERROR,https://www.domain.qq.com,Guangzhou Tencent Technology Co.
https://www.hainanuniversal.com,Hainan Universal Technology Co.,
https://www.doregi.com,HANGANG Systems,
https://www.2829.com,Hangzhou Best Domain Technology Co.,
https://www.eb.com.cn,Hangzhou Dianshang Internet Technology Co.,
https://www.marksmile.com,Hangzhou MarkSmile Technology Co.,
https://www.newdun.com,Hangzhou Newdun Network Technology Co.,
https://www.hannibalbarca-888.com,Hannibal Barca,
https://www.haveaname.com,Haveaname,
https://www.xz.com,HazelDomains,
https://www.HebeiDomains.com,Hebei Guoji Maoyi (Shanghai) LTD dba HebeiDomains.com,
https://www.jumi.com,Hefei Juming Network Technology Co.,
https://www.hellodotnyc.com,Hello Internet Corp,
https://www.cndns.cn,Henan Weichuang Network Technology Co. Ltd,
https://www.hetzner.de,Hetzner Online GmbH,
https://www.net.cn,HiChina Zhicheng Technology Limited,
https://www.cnhlj.cn,HLJ E-Link Network Co.,
https://www.hoapdi-inc.com,HOAPDI INC.,
ERROR,https://www.anchovy.com,Hogan Lovells International LLP
https://www.hubu.com,HONG KONG HUBU INTERNATIONAL INVESTMENT AND DEVELOPMENT COMPANY LIMITED,
https://www.gooddns.com,HongKong Di En Si International Co.,
https://dnsgulf.com,Hongkong Domain Name Information Management Co.,
https://www.hooyoo.com,HooYoo Information Technology Co. Ltd.,
https://www.host.it,Host SpA,
https://www.hosteur.fr,Hosteur SARL,
https://www.openprovider.com,Hosting Concepts B.V. d/b/a Openprovider,
https://www.hostinger.com,Hostinger,
https://www.hostlane.com,Hostlane,
https://www.hostnet.nl,Hostnet bv,
https://www.hostpoint.ch,Hostpoint AG,
https://www.hotdomaintrade.com,Hotdomaintrade.com,
https://www.http.net,http.net Internet GmbH,
https://www.8hy.hk,Hu Yi Global Information Hong Kong Limited,
https://www.ignitela.com,Ignitela,
https://www.ihs.com.tr,IHS Telekom,
https://www.ilait.se,Ilait AB,
https://www.imperialregistrations.com,Imperial Registrations,
https://www.in2net.com,In2net Network Inc.,
https://www.inames.co.kr,Inames Co.,
https://www.iNET.vn,iNET CORPORATION,
https://www.infomaniak.com,Infomaniak Network SA,
https://www.123domain.eu,Ingenit GmbH & Co. KG,
https://www.inic.ch,Inic GmbH,
https://www.instantnames.com,INSTANTNAMES LLC,
https://www.instinctsolutions.com,Instinct Solutions,
https://www.instra.com,Instra Corporation Pty Ltd.,
https://www.interdominios.com,Interdominios,
https://www.gonbei.jp,Interlink Co.,
https://www.zdns.cn,Internet Domain Name System Beijing Engineering Research Center LLC (ZDNS),
https://www.internet.bs,Internet Domain Service BS Corp,
https://www.imena.ua,Internet Invest,
https://www.48.com,Internet Works Online International (HK) Co.,
https://www.intersolved-fl.com,Intersolved-FL.com,
https://www.intersolved-hi.com,Intersolved-HI.com,
https://www.intersolved-tn.com,Intersolved-TN.com,
https://www.intersolved-tx-inc.com,Intersolved-TX.com,
https://www.intersolved-wa.com,Intersolved-WA.com,
https://www.intracomme.com,Intracom Middle East FZE,
https://www.inwx.com,INWX GmbH & Co. KG,
https://www.iptwins.com,IP Twins SAS,
https://www.isorokuyamamoto-888.com,Isoroku Yamamoto,
https://jprs.jp/registrar,Japan Registry Services Co.,
https://www.55hl.com,Jiangsu Bangning Science & technology Co. Ltd.,
ERROR,https://www.3568.cn,JIANGSU CHENGFUTONG NETWORK TECHNOLOGY CO.
https://jprs-registrar.co.jp/,JPRS Registrar Co.,
https://www.juliuscaesar-888.com,Julius Caesar,
https://www.jumboname.com,Jumbo Name,
https://www.kagoya.jp,Kagoya Japan Inc.,
https://www.karlvonclausewitz-888.com,Karl Von Clausewitz,
https://domains.domreg.lt,Kaunas University of Technology,
https://www.keyregistrar.com,Key Registrar,
https://www.key-systems.net,Key-Systems GmbH,
https://www.kheweul.com,Kheweul.com SA,
ERROR,https://domain.kinx.net,KINX Co.
https://knetreg.cn,Knet Registrar Co.,
https://www.kontent.com,Kontent GmbH,
https://ksdom.kr,Korea Server Hosting Inc.,
https://www.ssandomain.com,Koreacenter.com co.,
https://www.kqw.com,KQW,
https://www.kuwaitnet.net,KuwaitNET General Trading Co.,
https://www.principiumstrategies.com,Ladas Domains LLC d/b/a Principium Strategies,
ERROR,https://larsendata.com,Larsen Data ApS
https://www.launchpad.com,Launchpad.com Inc.,
https://www.LCN.com,LCN.COM Ltd.,
https://www.domaintechnik.at,Ledl.net GmbH,
https://www.lemarit.com,LEMARIT GmbH,
https://www.lexsynergy.com,Lexsynergy Limited,
https://www.lws.fr/nom-de-domaine.php,Ligne Web Services SARL dba LWS,
ERROR,https://www.maffavenue.com,MAFF AVENUE
https://www.maff.com,MAFF Inc.,
https://www.magicfriday.com,Magic Friday,
https://www.mailinh-888.com,Mailinh,
https://www.mainreg.com,MainReg Inc.,
https://www.qycn.com,Maoming QunYing Network Co. Ltd.,
https://www.marcaria.com,Marcaria.com International,
https://www.markmonitor.com,MarkMonitor Inc.,
https://www.matbao.net,MAT BAO CORPORATION,
ERROR,https://www.345.net,Mayi Information Co.
https://www.registermatrix.com,Media Elite Holdings Limited,
https://www.hosting.kr,Megazone Corp.,
https://www.netregistry.com.au,Melbourne IT Ltd,
https://www.metaregistrar.com,Metaregistrar BV,
https://www.mfro.net,Mfro Inc.,
https://www.microsoft.com,Microsoft Corporation,
https://www.mightybay.net,Mighty Bay,
https://www.mijninternetoplossing.nl,Mijn InternetOplossing B.V.,
https://mindsandmachines.com,Minds and Machines LLC,
https://domainsonly.com,Minds and Machines Registrar UK Limited,
https://www.misk.com,Misk.com,
https://www.misternic.com,MISTERNIC LLC,
ERROR,https://www.mobilenameservices.com,Mobile Name Services
https://www.moniker.com,Moniker Online Services LLC,
https://www.signdomains.com,Mps Infotecnics Limited,
https://nakazawa-trading.co.jp,Nakazawa Trading Co.,
https://www.nameperfections.com,Name Perfections,
https://www.nameshare.com,Name Share,
https://www.nametofame.com,Name To Fame,
https://www.nametrance.com,Name Trance LLC,
ERROR,https://register.paimi.com ,Name.cc Inc
ERROR,https://www.donuts.domains,Name.com
https://name.net,Name.net,
https://argotech.us,Name104,
https://alohanic.com,Name105,
https://webtechnames.com,Name106,
https://webinfinityinc.com,Name107,
https://sunmounta.in,Name108,
https://onlinenameservices.com,Name109,
https://briarwoodtechnologies.com,Name110,
https://canyongate.biz,Name111,
https://cirs.us,Name112,
https://deerwood.name,Name113,
https://dharanadomains.com,Name114,
https://domainregservices.com,Name115,
https://freestyleholdings.com,Name116,
https://hostnameservices.net,Name117,
https://internetcap.us,Name118,
https://intlregistrationservices.com,Name119,
https://mountaindomains.net,Name120,
https://www.powerpipe.com,Name122,
https://www.enom623.com,Name124,
https://www.namebay.com,Namebay SAM,
https://www.yay.com,NameCamp Limited,
https://www.namecheap.com,NameCheap,
https://www.nameking.com,NameKing.com Inc.,
https://namepal.com,NamePal.com,
https://www.namescout.com,NameScout Corp.,
https://www.namesecure.com,NameSecure L.L.C.,
https://www.nameshield.net,Nameshield SAS,
https://www.namesilo.com,NameSilo,
https://www.namespro.ca,Namespro Solutions Inc.,
https://www.namestream.com,NameStream.com,
https://www.NameWeb.biz,NameWeb BVBA,
https://www.namezero.com,Namezero,
https://www.namware.com,Namware.com,
https://www.edns.com,Nanjing EDNS Technology Limited,
https://www.napoleonbonaparte-888.com,Napoleon Bonaparte,
https://www.naugus.com,Naugus Limited LLC,
https://registrar.nccgroup.com,NCC Group Secure Registrar,
https://www.needservers.com,Need Servers,
https://www.neen.it,Neen Srl,
https://www.neonic.com,NeoNIC OY,
ERROR,https://www.net4.in,Net 4 India Limited
https://www.netjuggler.com,Net Juggler,
https://www.netlogistics.com.au,Net Logistics Pty Ltd.,
ERROR,https://www.net-chinese.com.tw,Net-Chinese Co.
https://www.netart-registrar.com,NetArt Sp z o.o,
https://www.dnsexit.com,Netdorm,
https://www.netearthone.com,NetEarth One Inc. d/b/a NetEarth,
https://www.netestate.com,Netestate,
https://www.netim.com,NETIM SARL,
https://www.netistrar.com,Netistrar Limited,
https://www.webip.com.au,Netnames Pty Ltd.,
https://www.netowl.jp,Netowl,
https://www.ibi.net,Netpia.com,
https://www.gi.net,NetraCorp LLC dba Global Internet,
https://www.webmasters.com,NetTuner Corp. dba Webmasters.com,
https://www.akky.mx,Network Information Center,
https://www.networksavior.com,Network Savior,
https://www.netzadresse.at,Netzadresse.at Domain Service GmbH,
https://www.netzone.ch,NetZone AG,
https://www.neubox.com,Neubox Internet S.A. de C.V.,
https://www.neudomain.com,NEUDOMAIN LLC,
https://nhanhoa.com,Nhan Hoa Software Company Ltd.,
https://nhn-techorus.com,NHN Techorus Corp.,
https://www.nicco.com,Nicco Ltd.,
https://nicenic.net,NICENIC INTERNATIONAL GROUP CO.,
https://www.nicreg.com,NICREG LLC,
ERROR,https://www.nicproxy.com,Nics Telekom_nikasyon Tic Ltd. _ti.
https://www.nictrade.se,Nictrade Internet Identity Provider AB,
https://www.nimzo98-888.com,Nimzo 98,
https://www.niuedomains.nu,Niuedomains,
https://www.comlaude.com,Nom-iq Ltd. dba COM LAUDE,
https://www.nominalia.com,Nominalia Internet S.L.,
https://www.nominetregistrar.co.uk,Nominet Registrar Services Limited,
https://www.nordnet.net,NordNet SA,
https://www.nordreg.se,Nordreg AB,
https://www.no1host.com,Number One Web Hosting Limited,
https://www.nuxit.com,NUXIT,
https://www.omnis.com,Omnis Network,
https://www.one.com,One.com A/S,
https://www.onlide.com,Onlide Inc,
ERROR,https://www.ods.vn ,Online Data Services Joint Stock Company
https://www.bookmyname.com,Online SAS,
https://www.onlinenic.com,OnlineNIC,
https://www.onlydomains.com,Only Domains Limited,
https://www.openname.com,OPENNAME LLC,
https://www.opentld.com,OpenTLD B.V.,
https://dyn.com,Oracle America,
https://cloud.orange-business.com/noms-de-domaine,ORANGE SA,
https://www.ourdomains.com,Ourdomains Limited,
https://www.ovh.com,OVH sas,
https://www.ownidentity.com,Own Identity,
ERROR,https://www.ownregistrar.com,OwnRegistrar
https://www.pavietnam.vn,P.A. Viet Nam Company Limited,
https://register.paimi.com,Paimi Inc,
https://www.pairdomains.com,pair Networks,
https://www.paknic.com,Paknic (Private) Limited,
https://www.papaki.gr,Papaki Ltd,
https://paragonnames.com,Paragon Internet Group Ltd t/a Paragon Names,
https://www.domaintegrity.com,PE Overseas Limited,
https://www.pheenix.com,Pheenix,
https://pierx.co,PierX,
https://www.planethoster.net,PlanetHoster Inc.,
https://www.platinumregistrar.com,Platinum Registrar,
ERROR,https://pocketdomain.com,PocketDomain.com Inc.
https://porkbun.com,Porkbun LLC,
https://www.ports.domains,Ports Group AB,
https://www.powercarrier.com,Power Carrier,
https://www.powernamers.com,Power Namers,
https://vip.domain.com,Powered by Domain.com LLC,
https://www.domainmap.com,Premierename.ca Inc.,
https://www.privacypost.com,PrivacyPost,
https://promopeople.com,Promo People,
https://www.hostingireland.ie,Protocol Internet Technology Limited T/A Hosting Ireland,
https://www.psi.jp/,PSI-Japan,
https://www.psi-usa.info,PSI-USA,
https://www.resellerid.com,PT Ardh Global Indonesia,
https://www.biznetgio.com,PT Biznet GIO Nusantara,
ERROR,https://www.purenic.com,Purenic Japan Inc.
https://www.puritynames.com,Purity Names Incorporated,
https://www.oxygen.nyc,Rabbitsfoot.com LLC d/b/a Oxygen.nyc,
https://www.radudamian-888.com,Radu Damian,
https://www.rankusa.com,Rank USA,
https://www.realtimeregister.com,Realtime Register B.V.,
https://www.rebel.com,Rebel Ltd,
https://www.DomainsAtCost.ca,Rebel.ca Corp.,
https://regbg.bg,REG.BG OOD,
https://www.reg2c.com,Reg2C.com Inc.,
https://nic.ru,Regional Network Information Center,
https://www.registernames.com,Register Names,
https://www.register.eu,Register NV dba Register.eu,
https://www.register.ca,Register.ca Inc.,
https://www.register.com,Register.com,
https://www.register.it,REGISTER.IT SPA,
https://Register4Less.com,Register4Less,
https://www.registrarmanager.com,Registrar Manager Inc.,
https://www.reg.ru,Registrar of Domain Names REG.RU LLC,
https://r01.ru,Registrar R01 LLC,
https://www.xyz.com,Registrar Services LLC,
ERROR,https://www.registrarbrand.com,RegistrarBrand
ERROR,https://www.registrarguard.com,RegistrarGuard
https://www.registrarsafe.com,RegistrarSafe,
https://registrarsec.com,RegistrarSEC LLC,
ERROR,https://www.registrarsecure.com,RegistrarSecure
ERROR,https://www.registrartrust.com,RegistrarTrust
https://www.RegistrationTek.com,Registration Technologies,
https://www.mastername.ru,Registrator Domenov LLC,
https://www.registrygate.com,RegistryGate GmbH,
https://www.webnames.ru,Regtime Ltd.,
https://www.hoster.by,Reliable Software,
https://www.ResellServ.com,Reseller Services,
https://www.robertelee-888.com,Robert E. Lee 888,
https://www.rockenstein.de,rockenstein AG,
https://www.safebrands.com,SafeBrands SAS,
https://www.safenames.net,SafeNames Ltd.,
https://salenames.ru,SALENAMES LTD,
https://www.direct.co.kr,Samjung Data Service Co.,
https://www.samoandomains.com,Samoandomains,
https://www.savemorenames.com,SaveMoreNames.com Inc.,
https://www.scipioafricanus-888.com,Scipio Africanus,
https://www.fabulous.com,Sea Wasp,
https://www.domainregistry.de,Secura GmbH,
https://www.sedo.com,Sedo.com LLC,
https://www.serverplan.com,Server Plan Srl,
https://www.sdc.org.cn,Service Development Center of the State Commission Office for Public Sector Reform,
ERROR,https://www.seemoredomains.com,Seymour Domains
https://www.oray.com,Shanghai Best Oray Information S&T Co.,
https://www.edong.com,Shanghai Oweb Network Co.,
https://www.ucloud.cn,Shanghai UCloud Information Technology Co.,
https://www.chinacloudhost.com,SHANGHAI XIAOLAN NETWORK TECHNOLOGY CO.,
https://www.sundns.com,Shanghai Yovole Networks,
ERROR,https://www.yddn.com,Shenzhen Domain Protection Technology Co.
https://www.yuxingqiu.com,SHENZHEN DOMAINSTAR TECHNOLOGY CO.,
https://www.esin.com.cn,Shenzhen Esin Technology Co.,
https://www.1198.cn,Shenzhen HuLianXianFeng Technology Co.,
ERROR,https://www.62.net,Shenzhen Internet Works Online Technology Co.
https://www.di.com,Shenzhen Qianhai Premium Domain Technology Co.,
https://www.ilovewww.com,Shinjiru Technology Sdn Bhd,
https://www.sibername.com,Sibername Internet and Software Technologies Inc.,
ERROR,https://www.sipence.com,Sipence
https://www.profilebuilder.com,Site Matrix LLC,
https://www.sitename.com,SiteName Ltd.,
https://www.sksaweb.com,Sksa Technology Co.,
https://www.skyclear.co.jp,Sky Clear Co.,
https://www.smallworldregistrar.com,Small World Communications,
https://www.dondominio.com,Soluciones Corporativas IP,
https://www.rolr.eu,Stichting Registrar of Last Resort Foundation,
https://www.storkregistry.com,Stork Registry Inc.,
https://www.suntzu-888.com,Sun Tzu 888,
https://www.superdata.vn,SUPER DATA CO.,
https://www.supernameworld.com,Super Name World,
https://www.superregistry.co,Super Registry Ltd,
https://www.serveisweb.com,SW Hosting & Communications Technologies SL dba Serveisweb,
https://www.switchplus.ch,Switchplus Ltd,
https://synergywholesale.com,Synergy Wholesale Pty Ltd,
https://www.registrar.twnic.tw,Taiwan Network Information Center,
https://www.tantran-888.com,Tan Tran,
https://www.techtyrants.com,Tech Tyrants,
https://www.neodigit.net,Tecnocrtica Centro de Datos,
https://www.2imagen.net,Tecnologia,
https://www.10.com,Ten Network Technology Limited,
https://www.qcloud.com,Tencent Cloud Computing (Beijing) Limited Liability Company,
https://www.theregistrarcompany.com,The Registrar Company B.V.,
https://www.theregistrarservice.com,The Registrar Service,
https://spiritdomains.com,The Registry at Info Avenue,
https://www.threadwalker.com,Threadwalker.com,
https://www.threadwatch.com,Threadwatch.com,
https://www.threadwise.com,Threadwise.com,
https://www.cnkuai.com,Tianjin Zhuiri Science and Technology Development Co Ltd,
https://www.tierra.net,TierraNet Inc. d/b/a DomainDiscover,
https://www.tigertech.net,Tiger Technologies LLC,
https://www.tirupatidomains.in,Tirupati Domains and Hosting Pvt Ltd.,
https://www.TitanicHosting.com,Titanic Hosting,
https://domains.best,TLD Registrar Pty Ltd,
https://www.tldregistrarsolutions.com,TLD Registrar Solutions Ltd.,
https://www.srsplus.com,TLDS L.L.C. d/b/a SRSPlus,
ERROR,https://www.tname.com,Tname Group Inc.
https://www.todaynic.com,Todaynic.com,
https://toglodo.com,TOGLODO S.A.,
ERROR,https://www.telchina.org,Tong Ji Ming Lian (Beijing) Technology Corporation Ltd. (Trename)
https://www.topsystem.com,Topsystem,
https://www.totalregistrations.com,Total Web Solutions Limited trading as TotalRegistrations,
https://www.tradestarter.com,Trade Starter,
https://www.transip.nl,TransIP B.V.,
https://www.treasure.cn,Treasure (Beijing) Technology Co.,
https://tropicregistry.com,Tropic Management Systems,
https://www.tucowsdomains.com,Tucows Domains Inc.,
ERROR,https://www.tuonome.com,Tuonome.it Srl d/b/a APIsrs.com
https://www.tuvaludomains.tv,Tuvaludomains,
https://www.twt.it,TWT S.p.A.,
https://www.ubilibet.consulting/home,Ubilibet S.L.,
https://www.uk2group.com/,UK-2 Limited,
https://www.ultraregistrar.com,Ultra Registrar,
https://www.ulyssessgrant-888.com,Ulysses S. Grant,
https://www.unifiedservers.com,Unified Servers,
https://www.uniregistrar.com,Uniregistrar Corp,
https://www.united-domains.de,united-domains AG,
https://www.unitedkingdomdomains.com,Unitedkingdomdomains,
https://www.newdentity.com,Universal Registration Services,
https://www.unpower.com,Unpower,
https://domains.upperlink.ng,Upperlink Limited,
https://pananames.com,URL Solutions,
https://www.puredomain.com,Variomedia AG dba puredomain.com,
https://www.vautron.de,Vautron Rechenzentrum AG,
https://www.vedacore.com,Vedacore.com,
https://ventraip.com.au,VentraIP Australia Pty Ltd,
https://verelink.com,Verelink,
https://vertexnames.com,Vertex names.com,
https://www.visualmonster.com,Visual Monster,
https://www.no-ip.com,Vitalwerks Internet Solutions,
https://www.vividdomains.com,Vivid Domains,
https://www.vonguyengiap-888.com,Vo Nguyen Giap,
https://www.vodien.com,Vodien Internet Solutions Pte. Ltd.,
https://www.wjbrands.com,WangJu Brands Management Co.,
https://www.webnic.cc,Web Commerce Communications Limited dba WebNic.cc,
https://ZenRegistry.com,Web Werks India Pvt. Ltd d/b/a ZenRegistry.com,
https://www.web4africa.net,Web4Africa Inc.,
https://www.domainname.at,Webagentur.at Internet Services GmbH d/b/a domainname.at,
https://www.webair.com,Webair Internet Development,
https://bestnames.ru,Webnames Limited,
https://www.webnames.ca,Webnames.ca Inc.,
https://www.webveloper.com,Webveloper Inc.,
https://www.hkdns.hk,West263 International Limited,
https://www.yesnic.com,Whois Networks Co.,
https://www.r.co.kr,WHT Co.,
https://www.wildwestdomains.com,Wild West Domains,
https://www.williamtheconqueror-888.com,William the Conqueror,
https://www.wingnames.co.jp,WingNames Co.,
https://wingunetworks.com,Wingu Networks,
https://wixi.jp,WIXI Incorporated,
https://www.dotbrand360.agency/registrar,Wolfe Domain,
https://www.worldbizdomains.com,World Biz Domains,
https://www.world4you.com,World4You Internet Services GmbH,
https://www.35.com,Xiamen 35.Com Technology Co.,
https://www.zzy.cn,Xiamen ChinaSource Internet Service Co.,
https://www.dianmei.com,Xiamen Dianmei Network Technology Co.,
https://www.cnspeed.com,Xiamen Digital Engine Network Technology Co.,
ERROR,https://www.xiamendomains.com,Xiamen Domains
https://www.mimei.com,Xiamen Mimei Technology Co.,
https://www.nawang.cn,Xiamen Nawang Technology Co.,
https://www.micang.com,Xiamen Niucha Technology Co.,
ERROR,https://www.xmisp.com,Xiamen Xin click Network Polytron Technologies Inc
https://www.yuwang.com,Xiamen Yuwang Technology Co.,
https://www.xinnet.com,Xin Net Technology Corporation,
https://www.yellowstart.com,Yellow Start,
https://www.yenkos.com,yenkos,
https://www.yourdomainking.com,Your Domain King,
https://www.reg.cn,Zhengzhou Business Technology Co.,
https://www.861.cn,Zhengzhou Yi Fang Electronics Co.,
https://www.zitian.cn,Zhengzhou Zitian Network Technology Co.,
https://zuuq.com,Zhong Yu Network Technology Company Limited,
ERROR,https://register.paimi.com ,Zhuimi Inc
https://www.znetlive.com,ZNet Technologies Pvt Ltd.,
https://www.zonecasting.com,Zone Casting,